Split,Athlete In Front,Quarter Time (s),Team Speed (km/h),Delivery Speed (km/h),Event,splitType,endTime,frontRiderIndex,deliveryAdjusted
Q1,Emily,9.18,24.51,24.51,None,QUARTER,23.656462,0,0
Q2,Emily,4.999992,45,45,None,QUARTER,28.656454,0,0
Q3,Emily,4.304944,52.265,52.265,None,QUARTER,32.961398,0,0
Q4,Emily,4.079996,55.147,55.147,None,QUARTER,37.041394,0,0
Q5,Emily,3.899994,57.692,57.692,None,QUARTER,40.941388,0,0
Q6,Emily,3.819996,58.901,58.901,None,QUARTER,44.761384,0,0
Q7,Emily,3.759999,59.84,59.84,None,QUARTER,48.521383,0,0
Q8,Emily,3.739999,60.16,60.16,None,QUARTER,52.261382,0,0
Q9,Emily,3.84,58.594,58.594,Change,QUARTER,56.101382,0,1
Q10,Prue,3.699997,60.811,60.811,None,QUARTER,59.801379,1,0
Q11,Prue,3.679999,61.141,61.141,None,QUARTER,63.481378,1,0
Q12,Prue,3.7,60.811,60.811,None,QUARTER,67.181378,1,0
Q13,Prue,3.66,61.475,61.475,None,QUARTER,70.841378,1,0
Q14,Prue,3.66,61.475,61.475,None,QUARTER,74.501378,1,0
Q15,Prue,3.66,61.475,61.475,None,QUARTER,78.161378,1,0
Q16,Prue,3.679999,61.141,61.141,None,QUARTER,81.841377,1,0
Q17,Prue,3.799999,59.211,59.211,Change,QUARTER,85.641376,1,1
Q18,Bryony,3.699999,60.811,60.811,None,QUARTER,89.341375,2,0
Q19,Bryony,3.679999,61.141,61.141,None,QUARTER,93.021374,2,0
Q20,Bryony,3.7,60.811,60.811,None,QUARTER,96.721374,2,0
Q21,Bryony,3.72,60.484,60.484,None,QUARTER,100.441374,2,0
Q22,Bryony,3.7,60.811,60.811,None,QUARTER,104.141374,2,0
Q23,Bryony,3.72,60.484,60.484,None,QUARTER,107.861374,2,0
Q24,Bryony,3.76,59.84,59.84,None,QUARTER,111.621374,2,0
Q25,Bryony,3.879997,57.99,57.99,Change,QUARTER,115.501371,2,1
Q26,Ally,3.74,60.16,60.16,None,QUARTER,119.241371,3,0
Q27,Ally,3.699999,60.811,60.811,None,QUARTER,122.94137,3,0
Q28,Ally,3.68,61.141,61.141,None,QUARTER,126.62137,3,0
Q29,Ally,3.699999,60.811,60.811,None,QUARTER,130.321369,3,0
Q30,Ally,3.7,60.811,60.811,None,QUARTER,134.021369,3,0
Q31,Ally,3.699999,60.811,60.811,None,QUARTER,137.721368,3,0
Q32,Ally,3.7,60.811,60.811,None,QUARTER,141.421368,3,0
Q33,Ally,3.72,60.484,60.484,None,QUARTER,145.141368,3,0
Q34,Ally,3.74,60.16,60.16,None,QUARTER,148.881368,3,0
Q35,Ally,4.04,55.693,55.693,Change,QUARTER,152.921368,3,1
Q36,Emily,3.839996,58.594,58.594,None,QUARTER,156.761364,0,0
Q37,Emily,3.979998,56.533,56.533,Drop,QUARTER,160.741362,0,1
Q38,Prue,3.879998,57.99,57.99,None,QUARTER,164.62136,1,0
Q39,Prue,3.9,57.692,57.692,None,QUARTER,168.52136,1,0
Q40,Prue,3.9,57.692,57.692,None,QUARTER,172.42136,1,0
Q41,Prue,3.88,57.99,57.99,None,QUARTER,176.30136,1,0
Q42,Prue,3.899999,57.692,57.692,None,QUARTER,180.201359,1,0
Q43,Prue,4.02,55.97,55.97,Change,QUARTER,184.221359,1,1
Q44,Bryony,3.899998,57.692,57.692,None,QUARTER,188.121357,2,0
Q45,Bryony,3.9,57.692,57.692,None,QUARTER,192.021357,2,0
Q46,Bryony,3.92,57.398,57.398,None,QUARTER,195.941357,2,0
Q47,Bryony,4.08,55.147,55.147,Change,QUARTER,200.021357,2,1
Q48,Ally,3.939998,57.107,57.107,None,QUARTER,203.961355,3,0
Q49,Ally,3.96,56.818,56.818,None,QUARTER,207.921355,3,0
Q50,Ally,3.96,56.818,56.818,None,QUARTER,211.881355,3,0
Q51,Ally,3.919998,57.398,57.398,None,QUARTER,215.801353,3,0
Q52,Ally,3.96,56.818,56.818,None,QUARTER,219.761353,3,0
Q53,Ally,3.899999,57.692,57.692,None,QUARTER,223.661352,3,0
Q54,Ally,3.92,57.398,57.398,None,QUARTER,227.581352,3,0
Q55,Ally,3.919999,57.398,57.398,None,QUARTER,231.501351,3,0
Q56,Ally,3.94,57.107,57.107,None,QUARTER,235.441351,3,0
Q57,Ally,3.96,56.818,56.818,None,QUARTER,239.401351,3,0
Q58,Ally,3.96,56.818,56.818,None,QUARTER,243.361351,3,0
Q59,Ally,4.08,55.147,55.147,Change,QUARTER,247.441351,3,1
Q60,Prue,3.939998,57.107,57.107,None,QUARTER,251.381349,1,0
Q61,Prue,3.879998,57.99,57.99,None,QUARTER,255.261347,1,0
Q62,Prue,3.899998,57.692,57.692,None,QUARTER,259.161345,1,0
Q63,Prue,3.879997,57.99,57.99,None,QUARTER,263.041342,1,0
Q64 (Finish),Prue,4.179986,53.828,55.147,Rider Finish,TEAM_FINISH,267.221328,1,1
# startTime,14.476462,,,,,,,,
# title,260730-W-TP-F-NZL,,,,,,,,
# rider1,Emily,,,,,,,,
# rider2,Prue,,,,,,,,
# rider3,Bryony,,,,,,,,
# rider4,Ally,,,,,,,,
Q1,Sami,9.319999,24.142,24.142,None,QUARTER,20.026716,0,0
Q2,Sami,5.112012,44.014,44.014,None,QUARTER,25.138728,0,0
Q3,Sami,4.339992,51.843,51.843,None,QUARTER,29.47872,0,0
Q4,Sami,4.125621,54.537,54.537,None,QUARTER,33.604341,0,0
Q5,Sami,3.979994,56.533,56.533,None,QUARTER,37.584335,0,0
Q6,Sami,3.859998,58.29,58.29,None,QUARTER,41.444333,0,0
Q7,Sami,3.86,58.29,58.29,None,QUARTER,45.304333,0,0
Q8,Sami,3.839999,58.594,58.594,None,QUARTER,49.144332,0,0
Q9,Sami,3.939999,57.107,57.107,Change,QUARTER,53.084331,0,1
Q10,Prue,3.799997,59.211,59.211,None,QUARTER,56.884328,1,0
Q11,Prue,3.759995,59.841,59.841,None,QUARTER,60.644323,1,0
Q12,Prue,3.8,59.211,59.211,None,QUARTER,64.444323,1,0
Q13,Prue,3.76,59.84,59.84,None,QUARTER,68.204323,1,0
Q14,Prue,3.74,60.16,60.16,None,QUARTER,71.944323,1,0
Q15,Prue,3.739999,60.16,60.16,None,QUARTER,75.684322,1,0
Q16,Prue,3.759999,59.84,59.84,None,QUARTER,79.444321,1,0
Q17,Prue,3.859998,58.29,58.29,Change,QUARTER,83.304319,1,1
Q18,Bryony,3.74,60.16,60.16,None,QUARTER,87.044319,2,0
Q19,Bryony,3.72,60.484,60.484,None,QUARTER,90.764319,2,0
Q20,Bryony,3.759999,59.84,59.84,None,QUARTER,94.524318,2,0
Q21,Bryony,3.76,59.84,59.84,None,QUARTER,98.284318,2,0
Q22,Bryony,3.76,59.84,59.84,None,QUARTER,102.044318,2,0
Q23,Bryony,3.779999,59.524,59.524,None,QUARTER,105.824317,2,0
Q24,Bryony,3.78,59.524,59.524,None,QUARTER,109.604317,2,0
Q25,Bryony,3.919996,57.398,57.398,Change,QUARTER,113.524313,2,1
Q26,Ally,3.8,59.211,59.211,None,QUARTER,117.324313,3,0
Q27,Ally,3.8,59.211,59.211,None,QUARTER,121.124313,3,0
Q28,Ally,3.78,59.524,59.524,None,QUARTER,124.904313,3,0
Q29,Ally,3.78,59.524,59.524,None,QUARTER,128.684313,3,0
Q30,Ally,3.759998,59.84,59.84,None,QUARTER,132.444311,3,0
Q31,Ally,3.76,59.84,59.84,None,QUARTER,136.204311,3,0
Q32,Ally,3.759999,59.84,59.84,None,QUARTER,139.96431,3,0
Q33,Ally,3.759998,59.84,59.84,None,QUARTER,143.724308,3,0
Q34,Ally,3.78,59.524,59.524,None,QUARTER,147.504308,3,0
Q35,Ally,3.899999,57.692,57.692,Change,QUARTER,151.404307,3,1
Q36,Sami,3.819998,58.901,58.901,None,QUARTER,155.224305,0,0
Q37,Sami,3.819998,58.901,58.901,None,QUARTER,159.044303,0,0
Q38,Sami,3.859999,58.29,58.29,None,QUARTER,162.904302,0,0
Q39,Sami,4,56.25,56.25,Drop,QUARTER,166.904302,0,1
Q40,Prue,3.879998,57.99,57.99,None,QUARTER,170.7843,1,0
Q41,Prue,3.839999,58.594,58.594,None,QUARTER,174.624299,1,0
Q42,Prue,3.86,58.29,58.29,None,QUARTER,178.484299,1,0
Q43,Prue,3.84,58.594,58.594,None,QUARTER,182.324299,1,0
Q44,Prue,3.84,58.594,58.594,None,QUARTER,186.164299,1,0
Q45,Prue,3.96,56.818,56.818,Change,QUARTER,190.124299,1,1
Q46,Bryony,3.859998,58.29,58.29,None,QUARTER,193.984297,2,0
Q47,Bryony,3.88,57.99,57.99,None,QUARTER,197.864297,2,0
Q48,Bryony,3.88,57.99,57.99,None,QUARTER,201.744297,2,0
Q49,Bryony,3.879998,57.99,57.99,None,QUARTER,205.624295,2,0
Q50,Bryony,3.899999,57.692,57.692,None,QUARTER,209.524294,2,0
Q51,Bryony,3.9,57.692,57.692,None,QUARTER,213.424294,2,0
Q52,Bryony,3.92,57.398,57.398,None,QUARTER,217.344294,2,0
Q53,Bryony,4.059999,55.419,55.419,Change,QUARTER,221.404293,2,1
Q54,Ally,3.939998,57.107,57.107,None,QUARTER,225.344291,3,0
Q55,Ally,3.92,57.398,57.398,None,QUARTER,229.264291,3,0
Q56,Ally,3.919999,57.398,57.398,None,QUARTER,233.18429,3,0
Q57,Ally,3.899999,57.692,57.692,None,QUARTER,237.084289,3,0
Q58,Ally,3.859999,58.29,58.29,None,QUARTER,240.944288,3,0
Q59,Ally,3.86,58.29,58.29,None,QUARTER,244.804288,3,0
Q60,Ally,3.86,58.29,58.29,None,QUARTER,248.664288,3,0
Q61,Ally,3.84,58.594,58.594,None,QUARTER,252.504288,3,0
Q62,Ally,3.84,58.594,58.594,None,QUARTER,256.344288,3,0
Q63,Ally,3.919995,57.398,57.398,None,QUARTER,260.264283,3,0
Q64 (Finish),Ally,4.139991,54.348,54.878,Rider Finish,TEAM_FINISH,264.404274,3,1
# startTime,10.706717,,,,,,,,
# title,260730-CG-GLASGOW-WTP-Q-NZL,,,,,,,,
# rider1,Sami,,,,,,,,
# rider2,Prue,,,,,,,,
# rider3,Bryony,,,,,,,,
# rider4,Ally,,,,,,,,
Q1,MARCKS,9.079996,24.78,24.78,None,QUARTER,16.543647,0,0
Q2,MARCKS,4.968049,45.289,45.289,None,QUARTER,21.511696,0,0
Q3,MARCKS,4.284614,52.513,52.513,None,QUARTER,25.79631,0,0
Q4,MARCKS,4.02,55.97,55.97,None,QUARTER,29.81631,0,0
Q5,MARCKS,3.859995,58.29,58.29,None,QUARTER,33.676305,0,0
Q6,MARCKS,3.779996,59.524,59.524,None,QUARTER,37.456301,0,0
Q7,MARCKS,3.719998,60.484,60.484,None,QUARTER,41.176299,0,0
Q8,MARCKS,3.74,60.16,60.16,None,QUARTER,44.916299,0,0
Q9,MARCKS,3.819998,58.901,58.901,Change,QUARTER,48.736297,0,1
Q10,EDWARDS,3.739998,60.16,60.16,None,QUARTER,52.476295,1,0
Q11,EDWARDS,3.72,60.484,60.484,None,QUARTER,56.196295,1,0
Q12,EDWARDS,3.74,60.16,60.16,None,QUARTER,59.936295,1,0
Q13,EDWARDS,3.779998,59.524,59.524,None,QUARTER,63.716293,1,0
Q14,EDWARDS,3.78,59.524,59.524,None,QUARTER,67.496293,1,0
Q15,EDWARDS,3.919996,57.398,57.398,Change,QUARTER,71.416289,1,1
Q16,POLITES,3.82,58.901,58.901,None,QUARTER,75.236289,2,0
Q17,POLITES,3.819999,58.901,58.901,None,QUARTER,79.056288,2,0
Q18,POLITES,3.779999,59.524,59.524,None,QUARTER,82.836287,2,0
Q19,POLITES,3.78,59.524,59.524,None,QUARTER,86.616287,2,0
Q20,POLITES,3.74,60.16,60.16,None,QUARTER,90.356287,2,0
Q21,POLITES,3.859997,58.29,58.29,Change,QUARTER,94.216284,2,1
Q22,WILSON-HALL,3.72,60.484,60.484,None,QUARTER,97.936284,3,0
Q23,WILSON-HALL,3.74,60.16,60.16,None,QUARTER,101.676284,3,0
Q24,WILSON-HALL,3.759999,59.84,59.84,None,QUARTER,105.436283,3,0
Q25,WILSON-HALL,3.779999,59.524,59.524,None,QUARTER,109.216282,3,0
Q26,WILSON-HALL,3.78,59.524,59.524,None,QUARTER,112.996282,3,0
Q27,WILSON-HALL,3.839998,58.594,58.594,None,QUARTER,116.83628,3,0
Q28,WILSON-HALL,3.84,58.594,58.594,None,QUARTER,120.67628,3,0
Q29,WILSON-HALL,3.84,58.594,58.594,None,QUARTER,124.51628,3,0
Q30,WILSON-HALL,3.84,58.594,58.594,None,QUARTER,128.35628,3,0
Q31,WILSON-HALL,3.96,56.818,56.818,Change,QUARTER,132.31628,3,1
Q32,MARCKS,3.859998,58.29,58.29,None,QUARTER,136.176278,0,0
Q33,MARCKS,3.819999,58.901,58.901,None,QUARTER,139.996277,0,0
Q34,MARCKS,3.86,58.29,58.29,None,QUARTER,143.856277,0,0
Q35,MARCKS,3.839999,58.594,58.594,None,QUARTER,147.696276,0,0
Q36,MARCKS,3.86,58.29,58.29,None,QUARTER,151.556276,0,0
Q37,MARCKS,3.819999,58.901,58.901,None,QUARTER,155.376275,0,0
Q38,MARCKS,3.86,58.29,58.29,None,QUARTER,159.236275,0,0
Q39,MARCKS,3.959998,56.818,56.818,Drop,QUARTER,163.196273,0,1
Q40,EDWARDS,3.899999,57.692,57.692,None,QUARTER,167.096272,1,0
Q41,EDWARDS,3.819998,58.901,58.901,None,QUARTER,170.91627,1,0
Q42,EDWARDS,3.84,58.594,58.594,None,QUARTER,174.75627,1,0
Q43,EDWARDS,3.86,58.29,58.29,None,QUARTER,178.61627,1,0
Q44,EDWARDS,3.86,58.29,58.29,None,QUARTER,182.47627,1,0
Q45,EDWARDS,4.02,55.97,55.97,Change,QUARTER,186.49627,1,1
Q46,POLITES,3.879997,57.99,57.99,None,QUARTER,190.376267,2,0
Q47,POLITES,3.84,58.594,58.594,None,QUARTER,194.216267,2,0
Q48,POLITES,3.84,58.594,58.594,None,QUARTER,198.056267,2,0
Q49,POLITES,3.919999,57.398,57.398,Change,QUARTER,201.976266,2,1
Q50,WILSON-HALL,3.779998,59.524,59.524,None,QUARTER,205.756264,3,0
Q51,WILSON-HALL,3.8,59.211,59.211,None,QUARTER,209.556264,3,0
Q52,WILSON-HALL,3.82,58.901,58.901,None,QUARTER,213.376264,3,0
Q53,WILSON-HALL,3.84,58.594,58.594,None,QUARTER,217.216264,3,0
Q54,WILSON-HALL,3.82,58.901,58.901,None,QUARTER,221.036264,3,0
Q55,WILSON-HALL,3.859999,58.29,58.29,None,QUARTER,224.896263,3,0
Q56,WILSON-HALL,3.9,57.692,57.692,None,QUARTER,228.796263,3,0
Q57,WILSON-HALL,3.899999,57.692,57.692,None,QUARTER,232.696262,3,0
Q58,WILSON-HALL,3.94,57.107,57.107,None,QUARTER,236.636262,3,0
Q59,WILSON-HALL,3.98,56.533,56.533,None,QUARTER,240.616262,3,0
Q60,WILSON-HALL,3.98,56.533,56.533,None,QUARTER,244.596262,3,0
Q61,WILSON-HALL,3.98,56.533,56.533,None,QUARTER,248.576262,3,0
Q62,WILSON-HALL,4,56.25,56.25,None,QUARTER,252.576262,3,0
Q63,WILSON-HALL,4.019999,55.97,55.97,None,QUARTER,256.596261,3,0
Q64 (Finish),WILSON-HALL,4.339987,51.843,53.318,Rider Finish,TEAM_FINISH,260.936248,3,1
# startTime,7.463651,,,,,,,,
# title,260730-W-TP-Q-AUS,,,,,,,,
# rider1,MARCKS,,,,,,,,
# rider2,EDWARDS,,,,,,,,
# rider3,POLITES,,,,,,,,
# rider4,WILSON-HALL,,,,,,,,
